	api_name
0	dbpedia
1	ubuntu-one-files
2	shoutcast-radio
3	cohuman
4	team-popong-poodl
5	buzzdata
6	target
7	mobivity
8	google-cloud-print
9	sharefile
10	dapper
11	mapbox
12	safe-creative
13	alibris
14	primal
15	fanarttv-music
16	gengo-human-translation
17	zapier
18	real-time-rank-tracker
19	yahoo-answers
20	google-mashup-editor
21	zooomr
22	batchbook
23	infogroup-infoconnect
24	beatport
25	yahoo-geoplanet
26	yahoo-geocoding
27	australian-business-number-lookup
28	realtime-register
29	pushpin-location-data
30	moo
31	mistio
32	adobe-share
33	programmableweb
34	easy-blockchain
35	best-buy-products
36	your-mapper-crimescore
37	google-webmaster-tools
38	amazon-cloudwatch
39	beer-mapping
40	global-biodiversity-information-facility
41	telegram-bot
42	trendrr
43	google-email-settings
44	uproc
45	hpe-haven-ondemand-view-document
46	mapquest
47	fwix
48	pikeo
49	holidays-service
50	copycom
51	central-bank-armenia-exchange-rates
52	windows-live-id-web-authentication
53	google-book-search-book-viewability
54	hotelston
55	rhapsody
56	tribe-hr
57	rpm-software
58	empora-evergreen
59	google-checkout
60	facebook-real-time-updates
61	yahoo-social-directory
62	webhoseio
63	allmyles
64	heroku
65	peoplepond
66	tripadvisor
67	aylien-text-analysis
68	bibsonomy
69	vhx
70	yahoo-geo-location
71	bitcoinaverage
72	lulu-publishing
73	radiotime
74	saplo-text-analysis
75	dhl
76	cryptocoin-charts
77	amazon-a9-opensearch
78	meetup
79	compete
80	stripe
81	flightview
82	scribble-maps
83	weather-underground-wunderground
84	airbnb
85	getmapping
86	backpack
87	recurly
88	fanbridge
89	gtfs-data-exchange
90	swoogle
91	lockerz
92	securenet
93	zenfolio
94	picitup
95	scribd-ipaper
96	dezrez
97	google-fonts
98	softlayer
99	postalmethods
100	whitepagescom
101	watchmouse
102	rescuetime
103	ebay-merchandising
104	daylife
105	google-website-optimizer
106	photobucket
107	google-app-engine
108	channeladvisor
109	forecast
110	taglets
111	brown-paper-tickets
112	geoadmin
113	bing-translator
114	ltcoin
115	getsentiment
116	google-page-speed-online
117	tfl-cycle-hire
118	geoportail
119	3dcart
120	colourlovers
121	photo
122	bibliacom
123	chirpio
124	bigtribe
125	ning
126	formstack
127	shopzilla
128	amazon-simpledb
129	blogger
130	fitbit
131	mochi-media-flash-games
132	review-trackers
133	boorah-restaurant-search
134	att-call-management
135	google-books
136	deezer
137	short-and-tweet
138	authoritylabs-partner
139	tagtooga
140	pownce
141	skydeck
142	endicia-label-server
143	vircurex
144	ordrx
145	whoapi
146	seatwave
147	autodesk-freewheel
148	magento
149	yahoo-ads
150	quizlet-flashcards
151	google-affiliate-network
152	home-energy-saver
153	addthis-services
154	songly
155	resgrid
156	linkedin
157	innergears-weather-city
158	yahoo-search
159	bing-traffic
160	zootool
161	dipity
162	adility
163	maplight
164	rim
165	trimet
166	slack-real-time-messaging
167	amplify
168	bookingcom-content
169	eduroam
170	typekey
171	constantcontact
172	subdb
173	iig-alerts
174	campaign-monitor
175	blinkx
176	whois
177	mtv
178	github
179	importio
180	google-maps-data
181	myob-accountright-live
182	superfeedr
183	windows-live-spaces-photo-control
184	google-prediction
185	google-gmail-oauth
186	touchtunes-jukebox
187	digital-podcast
188	intuit-quickbooks-online-accounting
189	yahoo-placefinder
190	pixagogo
191	mapquest-open-directions
192	smugmug
193	data24-7
194	epa-station-catalog
195	random-house
196	direct-textbook
197	scribd-platform
198	blockchain-block-explorer
199	diigo
200	spraci
201	erailin-indian-railways
202	ontok-wikipedia
203	urbandictionary
204	irail
205	semrush
206	scalr
207	seesmic
208	careerjet
209	yahoo-placemaker
210	wikilocation
211	myob-essentials-accounting
212	spore
213	car2go
214	freebiesms
215	your-mapper
216	parse
217	mapfluence
218	scoopit
219	imified
220	bebo
221	anything2pdf
222	business-alerts
223	my-jam
224	disqus
225	hipchat
226	raw-sugar
227	library-congress-srw
228	apicultur-word-lemmatizer
229	noaa-erddap
230	prosperent
231	google-apps-script-execution
232	yummly
233	hotelscombined
234	mybloglog
235	adobe-air-bus-tour
236	18amail
237	topicalizer
238	uclassify
239	yahoo-weather
240	pixabay-free-images
241	chacha
242	lyricsfly
243	infochimps-social
244	hiogi
245	twitpic
246	highwire
247	dataunison-ebay-research
248	paymentwall
249	speedy-express-delivery-services
250	globexplorer
251	semantic-contextual-advertising
252	teachstreet-classes-and-courses
253	google-code-search
254	allogarage
255	yahoo-term-extraction
256	geonb
257	transparency-data
258	dance-tunes
259	union-county-nc-gis
260	amee
261	travel-booking-network
262	spotify-metadata
263	sensebot
264	daybreak-game-company-census
265	freebase
266	facebook-graph
267	serps-seo-rankings
268	hubspot-leads
269	billomat
270	workflowmax
271	140-proof
272	unbounce
273	igoogle-themes
274	amazon-ses
275	yahoo-address-book
276	google-maps-geolocation
277	ipernity
278	i-heart-quotes
279	voo2do
280	bandsintown
281	myplaylist
282	springer-metadata
283	uber
284	zilyo-vacation-rental
285	clicky
286	yrc
287	exfm
288	hotornot
289	amazon-elastic-mapreduce
290	groupon
291	fizber-neighborhoods
292	loxcel
293	paypal
294	evernote
295	tagul
296	stsoftware-job-track
297	tweetmeme
298	wishpot-shopping
299	martindale-hubbell
300	miso
301	123contactform
302	snappyfingers
303	brooklyn-museum
304	donorschoose
305	evoca
306	rakuten
307	wiserearth
308	bing-maps-search
309	ahrefs
310	windows-live-expo
311	google-storage
312	tagoo
313	gecko-landmarks
314	google-reader-subscriber-statistics
315	schoology
316	fring
317	cloudmade-leaflet
318	bing
319	cartodb
320	democracy-action
321	yahoo-image-search
322	google-cloud-dns
323	aol-video
324	authentic-jobs
325	geonames
326	google-geocoding
327	google-gears
328	userplane
329	openskyquery-skyportal
330	florist-one
331	withings
332	snocap
333	amazon-marketplace-web-service
334	new-york-times-movie-reviews
335	picplz
336	living-stones
337	meetup-0
338	google-analytics-core-reporting
339	wuala
340	gigjunkie
341	cubesensors
342	unofficial-imdb
343	giphy
344	whatcounts
345	paperback-swap
346	yahoo-fantasy-sports
347	hotelsbase
348	pocket
349	nestoria
350	microsoft-mappoint
351	page2images
352	datagovuk
353	fansnap
354	plunker
355	are-you-watching
356	moreover
357	findory
358	facebook
359	veryrelated-mind-maps-keyword
360	ups-shipping
361	arcweb
362	tappin
363	cirip
364	impossiblefx
365	opinioncrawl-sentiment-analysis
366	kookoo
367	juno-download
368	dabbledb
369	mobypicture
370	npr
371	naver
372	shoppingcom
373	movie-database-tmdb
374	all-good
375	walgreens-quickprints
376	usa-today-best-selling-books
377	bitcasa
378	spock
379	ambassador
380	delicious-0
381	fantasy-football-nerd
382	servicem8
383	futef-wikipedia-api
384	pingdom
385	sears
386	tweetvite
387	eventbrite
388	nolapro
389	espn
390	pubsub
391	sonicapicom
392	google-sites
393	world-bank
394	genability
395	sendy
396	winecom
397	discogs
398	dog-gateway
399	zoho-crm
400	new-york-times-article-search
401	brandify
402	geogratis
403	sportradar
404	mywot
405	amazon-historical-pricing
406	salesforcecom-chatter
407	twickit
408	skyttle
409	dailymotion
410	myvox
411	film-crave
412	earth911-search
413	infochimps-ip-intelligence-geolocation
414	43-places
415	jaduka
416	sap-anywhere
417	redbooth
418	poly9-freeearth
419	google-play-developer
420	egnyte
421	garmin-motionbased
422	ispeech-automated-speech-recognition
423	ebay-product-services
424	new-york-times-congress
425	social-archive
426	qype
427	vzaar
428	figo-connect
429	thomson-reuters-open-calais
430	new-york-times-campaign-finance
431	tiny-url-open
432	ip2location
433	medioh
434	deal-magic
435	google-wave
436	43things
437	ringful
438	windows-live-data
439	hp-labs-multimedia-analytic-platform
440	snapr
441	thumbalizr
442	businessusa-events
443	shopify-admin
444	sharethis
445	ip-apicom-geolocation
446	readability
447	99designs-tasks
448	tec-mailing
449	evs-idrive
450	4shared
451	resfly
452	producteev
453	blaugh-comics
454	lyricwiki
455	cloudapp
456	gravatar
457	biodiversity-heritage-library
458	amazon-redshift
459	vk
460	bookingmarkets
461	opencnam
462	appharbor
463	newscloud
464	webpurify-profanity-filter
465	vodpod
466	proprofs-quiz-maker
467	maluuba-natural-language
468	canadian-bitcoin-index
469	sendgrid
470	mapquest-geocoding
471	google-latitude
472	wahoo-fitness
473	trakttv
474	webcamstravel
475	pusher
476	avvo
477	ebay-finding
478	finalsite
479	coderwall-profile
480	google-plus
481	ustreamtv
482	shipstation
483	apartmentsapart
484	microsoft-bing
485	qrcx
486	bitext
487	usps-track-confirm
488	bank-russia-daily-info
489	digitalnz
490	prodigem
491	spotify-web
492	numbers
493	socrata-open-data
494	quarkrank
495	quickblox
496	contextio
497	uship
498	upc-database
499	metro-realtime
500	yahoo-audio-search
501	google-closure-compiler
502	smart-ip-geo-ip
503	typepad
504	odnoklassniki
505	janrain-engage
506	printfection
507	bitcoin-charts-markets
508	scraperwiki
509	dbpedia-spotlight
510	windows-live-contacts-control
511	8coupons
512	google-distance-matrix
513	zoomin
514	booli
515	wikia
516	mixpanel
517	spokenbuzz
518	servicenow
519	sdss-imgcutout
520	strikeiron
521	svpply
522	eve-online-crest-carbon-restful
523	slideshare
524	bing-search
525	esidewalk
526	handset-detection
527	fenopy
528	metacarta
529	immobilienscout24
530	phanfare
531	allocin
532	akismet
533	seeqpod
534	bittrex
535	wolfram-alpha
536	ffwd
537	hotukdeals
538	apple-icloud
539	backtweets
540	google-single-signon
541	google-cloud-sql
542	maplarge
543	payvment
544	macys-catalog-and-store-services
545	pageflakes
546	ergast
547	nabaztag
548	directed-edge
549	fatsecret-platform
550	foxrate
551	imageloop
552	zoominfo
553	boxnet-embedit
554	thisnext
555	mogreet
556	springwidgets
557	gethealth
558	mailgun
559	runkeeper-health-graph
560	aol-open-auth
561	clipta
562	google-maps-android
563	google-translator-toolkit
564	adobe-social
565	collecta
566	9flats
567	webshots
568	bt-web21c
569	clockwork-sms
570	windows-live-gadgets
571	jambase
572	what-trend
573	tmdb
574	yahoo-my-web-search
575	loclizard
576	datumbox
577	bing-static-maps
578	burstn
579	zeemaps
580	quova
581	kraken
582	oracle-netsuite
583	ohloh
584	shopstyle
585	nd-url
586	jsfiddle
587	untappd
588	digitalbucket
589	buzznet
590	yipit
591	yahoo-maps
592	windows-live-contacts
593	musicmobs
594	lat49
595	wordpressorg
596	beliefnetworks
597	sparklines
598	amazon-product-advertising-dupe
599	townme-geo
600	backbone
601	feedburner
602	boxcar
603	magnolia
604	design-n-buy
605	telize
606	nationbuilder
607	liveconnect
608	readmill
609	geoplugin
610	dailyplaces
611	opensocial
612	rxnlp-cluster-sentences-and-short-texts
613	ncbi-entrez
614	expono
615	textamerica
616	tutorials-garden
617	twilio
618	mediatemple
619	weblogs
620	ludei-cloud
621	printr
622	europass
623	nephoscale
624	commission-junction
625	123-shop-pro
626	google-adsense
627	gimmie
628	thounds
629	social-mention
630	yahoo-internet-location-platform
631	bing-maps-geocode-dataflow
632	new-york-times-timespeople
633	eloqua
634	recaptcha
635	cloud-elements-platform
636	stikkit
637	opendoar
638	aviary-web
639	mongolab
640	layar
641	vine
642	aviary-effects
643	quickbase
644	remember-milk
645	songkick
646	wordpresscom
647	appnet
648	hyves
649	open-dining-network-food-ordering
650	dwolla
651	xaly
652	blue-dot
653	google-civic-information
654	yahoo-contacts
655	librarything
656	spy-dialer
657	videosurf
658	salesforcecom
659	active
660	activecom
661	peekyou-social-analytics
662	city-and-state-zip-code
663	strava
664	twitter
665	upcomingorg
666	deviantart
667	betherenyc
668	blipfm
669	noaa-climate-data-online
670	conceptshare
671	groveio
672	addthis-sharing-endpoints
673	bot-libre
674	slashdb
675	tokbox
676	geoloqi
677	venteria
678	framey
679	esv-bible-lookup
680	yahoo-bbauth
681	vimeo
682	crowdflower
683	yahoo-traffic
684	health-20
685	weather-channel
686	yahoo-live
687	mega
688	hackerearth
689	planning-center
690	twitter-search
691	blue
692	opensecrets
693	block-avenue-neighborhood-reviews
694	drawloop
695	after-deadline
696	australia-post
697	amazon-ec2
698	bing-maps-routes
699	spotify-echo-nest
700	pricerunner
701	gomotext-sms-gateway
702	blinksale
703	bookmooch
704	google-contacts
705	goodreads
706	popshops
707	simply-hired-jobs
708	facebook-chat
709	extractiv
710	eli-lilly-clinical-open-innovation
711	ookaboo
712	concur
713	factual-v3
714	google-safe-browsing
715	ribbet
716	huffington-post-pollster
717	guardian
718	taxi-fare-finder
719	bondora
720	google-translate
721	rdio
722	misfit
723	kounta
724	youtxt
725	wordnik
726	google-talk
727	govtrackus
728	voxeo
729	payment-vision-pay
730	amazonca
731	actblue
732	pinboard
733	epa-watershed-summary
734	doit
735	faviconz
736	nokia-maps
737	amazon-s3
738	ritetag
739	amnesty-international
740	peerindex
741	faroo
742	timesurl
743	sharedbook
744	urban-mapping-neighborhoods
745	redbox
746	google-fusion-tables
747	refuge-restrooms
748	google-health
749	livevideo
750	nexmo-sms
751	musixmatch
752	amazon-fulfillment-web-service
753	plancast
754	500px
755	filestube
756	highcharts-highstock
757	pogoplug
758	windows-live-admin-center
759	bbc-nitro
760	readsocial
761	follow-money
762	yahoo-updates
763	kuler
764	instagram-real-time
765	ncaa-mens-college-basketball
766	yahoo-mail
767	forrst
768	juju-publisher
769	carma
770	walk-score
771	tourcms-marketplace
772	tweetphoto
773	headhunter
774	cybersource-simple
775	urlborg
776	synonyms
777	motorsportregcom
778	alchemyapi
779	weather-central
780	fedspendingorg
781	science-museum
782	highrise
783	isgd
784	playme
785	artbeat
786	seomoz
787	clearforest-semantic-web-services1
788	webaim
789	highcharts
790	rapleaf
791	gigablast
792	amazon-mechanical-turk
793	snipshot
794	zomato-foodie-index
795	zendesk-core
796	educationcom
797	dropbox
798	opencongress
799	sletohcom
800	addthis-analytics
801	tringme
802	jaiku
803	cronofy
804	alexa-site-thumbnail
805	baidu
806	cafe-press
807	bigcommerce
808	twittervision
809	yahoo-music-engine
810	microsoft-msdn
811	musikki-music
812	google-picasa
813	bizvizz
814	time-extractor
815	datarella
816	semantria
817	timezonedb
818	google-search
819	skype
820	hacker-news-mobile
821	national-library-australia-trove
822	orange-sms
823	imdbapiorg
824	pricegrabber
825	microsoft-adcenter
826	addthis-menu
827	tradesports
828	paris
829	rackspace-cloud-files
830	ukmail
831	baby-names
832	awesm
833	imsas
834	notifixious
835	google-url-shortener
836	launchrock
837	json-tools
838	tinylink
839	att-app-messaging
840	google-static-maps
841	eldercare-locator
842	backtype
843	sendible
844	whereis
845	crossio
846	angularjs
847	viddler
848	google-desktop
849	swivel
850	brewery-db
851	filepicker
852	bitfinex
853	amazon-mws
854	reddit
855	corpwatch
856	oovoo
857	idiomag
858	bolcom-open
859	yammer
860	instapaper
861	flightstats
862	23
863	google-maps-places
864	datawashington
865	plazes
866	vast
867	google-base
868	recognizeim
869	pubnub-javascript-push
870	comparedownload
871	culture24
872	bbc-music
873	microsoft-healthvault
874	pinterest-domain
875	shizzow
876	strikeiron-super-data-pack
877	longurl
878	shadows
879	abebooks
880	gamesradar
881	google-directions
882	open-movie-database
883	google-tasks
884	repustate
885	linode
886	chartlyrics-lyric
887	openx
888	gigya
889	roku-web-service
890	metno-weather
891	outsidein
892	box
893	citysourced
894	norway-weather
895	doodle
896	imgur
897	wigle
898	meebo
899	widgetbox
900	yahoo-shopping
901	jigsaw
902	sabre-0
903	spark-pay
904	google-apps-email-migration
905	oodle
906	rescuegroups
907	natureserve-species
908	national-library-medicine-dirline
909	liqpay
910	venmo
911	trynt
912	mapstraction
913	maponics
914	contentful
915	bing-maps
916	grooveshark
917	worksnaps
918	open-government-data-initiative
919	delicious
920	wordstream-keyword-tool
921	arkayne
922	bliptv
923	yahoo-related-suggestions
924	openweathermap
925	alchemyapi-text-categorization
926	posterous
927	idealista
928	strikeiron-us-census
929	kayak
930	justintv
931	envato
932	connotea
933	yahoo-messenger
934	actual-reports
935	strikeiron-sms-mobile-marketing
936	yahoo-site-explorer
937	google-street-view-image
938	ilike
939	orb
940	urban-mapping-mapfluence
941	google-provisioning
942	google-chart
943	moodle
944	infochimps-geo
945	rrove
946	yahoo-boss
947	ipinfoio
948	thetvdbcom
949	pingfm
950	7digital
951	dlvrit
952	beebotte
953	cheezburger
954	amadeus
955	mailjet
956	topsy
957	victoria-albert-museum
958	decarta
959	windows-live-spaces
960	moonshadow-mobile
961	lightspeed-retail
962	s3bubble
963	impact-radius
964	statref
965	stubhub
966	domaintools
967	cnet
968	paperboy
969	altmetric
970	mnb-exchange-rate
971	imeem
972	yahoo-spelling-suggestion
973	pixlr
974	mydigitalstructure
975	new-york-times-newswire
976	geoiq
977	transicast
978	google-web-authentication
979	google-apps-marketplace
980	us-yellow-pages
981	etsy
982	mbar
983	lingr
984	web-api-biology
985	facebook-credits
986	restful-web-services-london-gold-fix
987	stack-exchange-api
988	stupeflix
989	linkshare
990	information-machine
991	kyte
992	google-friend-connect
993	thinknum
994	buysafe
995	traitify
996	simplegeo-places
997	docusign-enterprise
998	worldcat-search
999	internet-archive
1000	sqoot
1001	facebook-social-plugins
1002	new-york-times-best-sellers
1003	tvmaze
1004	heyzap
1005	betfair
1006	arkive
1007	rackspace-cloud-servers
1008	yahoo-music
1009	alexa-web-search
1010	1map
1011	grabicon
1012	yahoo-widgets
1013	bitly
1014	aden-forshaws-cat
1015	billboard
1016	fotolia
1017	acapela
1018	bioid-web-services
1019	woocommerce
1020	cloudvox
1021	web-service-api-documentation
1022	btc-e
1023	business-profiles
1024	uservoice
1025	lazytune
1026	google-drive
1027	businessgov
1028	foursquare
1029	mapmyfitness
1030	where-gps
1031	realtybaron-answers
1032	angellist
1033	launchpad
1034	foodcare
1035	trustyou-widget-duplicate
1036	buffer
1037	easyutil
1038	dronestream
1039	infobip
1040	coinbase
1041	filesanywhere
1042	forvo
1043	panoramio
1044	world-time-engine
1045	yellow
1046	weatherbug
1047	idescat-population-search
1048	qurl
1049	petfinder
1050	wmata
1051	wiziq-virtual-classroom
1052	zixxo
1053	shrten
1054	broadsoft-xtended
1055	pushpin
1056	rxnlp-text-similarity
1057	ifixit
1058	msn-messenger
1059	dropio
1060	zappos
1061	volusion-shopping-cart
1062	yandex
1063	captchacoin
1064	currencies-exchange-rates
1065	secondlife
1066	elasticsearch
1067	ubio-namebank
1068	viamichelin
1069	socialoomph
1070	cligs
1071	technorati
1072	mediafire
1073	bit-pay
1074	dealsurf
1075	open-garden
1076	sunlight-labs-congress
1077	12secondstv
1078	google-visualization
1079	amazon-flexible-payments-service
1080	tinysong
1081	metro-transit-nextrip
1082	bump
1083	eventful
1084	digitalocean
1085	opendada
1086	pubnub
1087	ecgridos-edi
1088	i2space
1089	payments-gateway
1090	aol-pictures
1091	dropbox-datastore
1092	openstrands
1093	tumblr
1094	plaxo
1095	garmin-communicator-plugin
1096	openlayers
1097	amazon-queue-service
1098	travelport
1099	zanox
1100	rhymebrain
1101	livejournal
1102	joyrack-games
1103	nike-plus
1104	hi5
1105	hoiio-sms
1106	automattic-wordpress-widgets
1107	long-url-please
1108	google-bigquery
1109	next-big-sound
1110	open-library-books
1111	reuters-spotlight
1112	scalarium
1113	nhs
1114	quora
1115	sina-weibo
1116	open-patent-services
1117	hoiio-voice
1118	appfog
1119	usajobs
1120	w3counter
1121	qwerly
1122	pixlab
1123	whipplehill
1124	google-analytics-managment
1125	facescom
1126	google-calendar
1127	bitstamp-http
1128	accuweather
1129	editgrid
1130	marketo
1131	microsoft-startcom
1132	behance
1133	freshbooks
1134	twittercounter
1135	sitesummary
1136	trim
1137	goodsie
1138	prosper
1139	omgili
1140	youtube
1141	moves
1142	yahoo-query-language
1143	amazon-rds-relational-database-service
1144	photoshelter
1145	google-maps-flash
1146	tradegecko
1147	big-huge-thesaurus
1148	digg
1149	wookmark
1150	gamepro
1151	dun-and-bradstreet-credit-check
1152	new-relic
1153	mt-gox
1154	looker
1155	analytics-seo
1156	smsmybus
1157	dribbble
1158	jotspot
1159	agentrank
1160	tailrank
1161	lets-be-trends
1162	skyscanner-live-pricing
1163	skyhook-wireless
1164	assembla
1165	mite
1166	webthumb
1167	musicbrainz
1168	lyrdb
1169	citygrid
1170	splogspot
1171	sports-power
1172	dopplr
1173	airbrake
1174	klout
1175	strikeiron-ip-address-lookup
1176	artistdata
1177	itunes-and-itunes-connect
1178	fcc
1179	jamendo
1180	mandrill
1181	exchange-rate
1182	greatschools
1183	windows-live-spaces-photo
1184	microsoft-bing-maps
1185	zoopla
1186	blogama-ipinfodb
1187	best-buy-reviews
1188	zazzle
1189	san-francisco-crimespotting
1190	google-buzz
1191	fuzzyai
1192	theyworkforyou
1193	google-o3d
1194	strikeiron-tax-service
1195	easytobook
1196	citysdk-mobility
1197	simple-latitude-open
1198	oecd-open-data
1199	authoritylabs-account
1200	friendfeed
1201	howcast
1202	myspace
1203	google-analytics-metadata
1204	vcita
1205	quickbooks-payments
1206	tiny-geocoder
1207	authorizenet
1208	simplegeo
1209	livekick
1210	twitter-grader
1211	fanfeedr-sports-news
1212	food
1213	localschooldirectory
1214	fotoflexer
1215	tropo-scripting
1216	cinemalytics-bollywood-movie-database
1217	google-maps-elevation
1218	enthusem
1219	twilio-sms
1220	trustedplaces
1221	microsoft-silverlight-streaming
1222	vidoop
1223	stylight
1224	rezgo
1225	govdata
1226	openstack
1227	groups-near-you
1228	multimap
1229	finansportalen
1230	zotero
1231	smashfly
1232	geograph
1233	google-finance-portfolio
1234	intel-cpu
1235	hp-cloud-object-storage
1236	postrank-data-mining
1237	dandyid
1238	arxiv
1239	viralheat
1240	google-fit-rest
1241	walmart-open
1242	intelepeer
1243	fwix-location
1244	vanilla-forums
1245	mailchimp
1246	wiki-data
1247	iva-video
1248	yolink
1249	cicero
1250	lyricfind
1251	plivo
1252	gatekrash
1253	isbn-db
1254	warenet-checkware
1255	noaa-national-weather-service-nws
1256	toodledo
1257	doba
1258	kewego-video
1259	veoh
1260	aol-instant-messenger
1261	we-feel-fine
1262	geocubes
1263	uc-berkeley-registration-status-check
1264	stack-overflow
1265	national-weather-service-ndfd
1266	cta-bus-tracker
1267	kiva
1268	retro-avatar
1269	feedzilla
1270	liberty-reserve
1271	roomorama
1272	getglue
1273	coindesk
1274	yahoo-yui
1275	cloudspeakers
1276	brightcove
1277	sugarcrm
1278	viator
1279	gruvr
1280	walgreens-balance-rewards
1281	yfrog
1282	medianet-open-mp3
1283	agendize-action
1284	singly
1285	fedex
1286	intellinote
1287	aiderss
1288	yahoo-map-image
1289	strikeiron-reverse-phone-and-address-append
1290	aviary-suite
1291	hunch
1292	nyc-open-data
1293	honjp
1294	steply
1295	geeklist
1296	last-10k-company
1297	amazon-sns
1298	jawbone
1299	ontok
1300	blankslate
1301	pachube
1302	dailymile
1303	phishtank
1304	facebook-ads
1305	bbc
1306	ip-location
1307	sugarsync
1308	library-congress-prints-photographs
1309	google-client-authentication
1310	cloudmine
1311	windows-azure-sql-database-management
1312	map24-ajax
1313	gowalla
1314	healthfindergov
1315	seatgeek
1316	zemanta
1317	jet
1318	aonaware-dictionary
1319	nozbe
1320	friendster
1321	docstoc
1322	flashgamedistribution
1323	travelfusion
1324	google-notebook
1325	webknox-keywords
1326	google-adwords
1327	picnik
1328	instagram-graph
1329	earthtools
1330	ebay-shopping
1331	lufthansa-open
1332	twitter-streaming
1333	mindtouch-deki-wiki
1334	bter
1335	facecom
1336	simplyhired-jobs
1337	ikregeernl
1338	checkvist
1339	images
1340	product-hunt
1341	xero
1342	google-shopping-search
1343	tvrage
1344	clickatell-http
1345	perfectmoney
1346	itunes-app-store-search
1347	alternativeto
1348	microsoft-translator
1349	moneybookers
1350	softonic
1351	semantichacker
1352	yahoo-local-search
1353	lastfm
1354	opensosius
1355	google-social-graph
1356	hostipinfo
1357	interfax
1358	tagalus
1359	fakturoid
1360	netvibes
1361	imageshack
1362	tesco
1363	expedia
1364	geolenz
1365	twtfm
1366	google
1367	bandcamp
1368	google-gears-geolocation
1369	echosign
1370	zillow
1371	aol-open-mail
1372	alexa-web-information-service
1373	elance
1374	crunchbase
1375	mobile-phone-megastore
1376	dun-and-bradstreet-business-verification
1377	google-documents-list
1378	orange-location
1379	tweet-scan
1380	revver
1381	yelp-fusion
1382	identica
1383	rotten-tomatoes
1384	30-boxes
1385	bing-maps-locations
1386	mendeley
1387	netflix
1388	ihealth
1389	alchemyapi-keyword-and-term-extraction
1390	launchbit
1391	sensis-business-search
1392	bike-index
1393	public-transit-data-community
1394	dog-ceo-dog
1395	supportfu
1396	ordnance-survey-openspace
1397	twinfluence
1398	riya
1399	indeed
1400	soundcloud
1401	trulia
1402	hitbtc
1403	zvents
1404	embedly
1405	aerisweather
1406	mozscape
1407	floobs
1408	hootsuite-engagement
1409	kwwika
1410	blogmarks
1411	true-knowledge
1412	uk-postcodes
1413	kissmetrics
1414	neto
1415	yes-broadcast-db
1416	411sync
1417	issuu-search
1418	db-direct
1419	simpleapi
1420	avantlink
1421	amazon-product-advertising
1422	pushover-message
1423	openstreetmap
1424	thrutu
1425	sports-data
1426	singleplatform
1427	geocoderca
1428	creative-commons
1429	shutterpoint
1430	nasa
1431	peekacity
1432	meaningtool
1433	oipa-openaid-iati
1434	telapi
1435	linkup-job-search-engine
1436	harvest
1437	flickr
1438	chicago-transit-authority
1439	google-homepage
1440	evri
1441	google-custom-search
1442	bloglines
1443	coinkite
1444	world-weather-online
1445	twitgoo
1446	yahoo-travel
1447	google-spreadsheets
1448	alexa-top-sites
1449	laravel
1450	bible-gateway
1451	university-british-columbia-labs
1452	activ-financial
1453	hashedtags
1454	mynetdiary-food-search
1455	htm2pdf
1456	wikipedia
1457	favqs
1458	notifo
1459	amazon-dynamodb
1460	world-weather-online-time-zone
1461	geocoder
1462	basecamp
1463	trailer-addict
1464	udacity-course-catalog
1465	google-earth
1466	syndic8
1467	yahoo-video-search
1468	pdxcouncilconnect
1469	gmail
1470	poloniex
1471	blekko
1472	cloudmade
1473	orkut
1474	fire-eagle
1475	aim-phoneline
1476	yahoo-search-marketing
1477	tradeshift
1478	rubygems
1479	social-actions
1480	harpercollins-open-book
1481	pricespin
1482	rovi-cloud-services
1483	apify
1484	esri-arcgis-javascript
1485	songza
1486	customer-account-data
1487	barcelona-bicing
1488	google-maps
1489	tripit
1490	plurk
1491	uk-street-level-crime
1492	cownt-us
1493	kynetx
1494	omnidrive
1495	revel-systems
1496	google-openid
1497	moviepilot
1498	pinnaclecart-rest
1499	careerbuilder
1500	capitol-words
1501	plum-fuse
1502	bart
1503	grouper-video
1504	windows-sidebar-gadgets
1505	plos-search
1506	new-york-times-archive
1507	cleartrip
1508	newsgator
1509	ebay
1510	usgs-elevation-query-service
1511	edmundscom-vehicle
1512	google-shopping-content
1513	context-voice
1514	coupon
1515	hotwire-travel-ticker-deals
1516	campfire
1517	retailmenotcom-community-ideas
1518	favorit
1519	meaningcloud
